"name","code","short","division","domain","optaID","colors.primary","colors.secondary","colors.tertiary","stadium_name","stadium_sponsor_name","capacity","capacity_seated","pitch.dimensions","pitch.type","address","postcode","station","fa_membership","kit.home.shirts","kit.home.shorts","kit.home.socks","kit.away.shirts","kit.away.shorts","kit.away.socks","kit.gk.first","kit.gk.second","sponsors.main_club","sponsors.main_shirt","sponsors.left_sleeve"
"Aldershot Town","ALD","Aldershot","National","theshots.co.uk","t434","#e43c2f","#FFFFFF","#160b8b","Recreation Ground","EBB Stadium","7200","2011","105 y x 76 y","Grass","The High Street, Aldershot, Hampshire","GU11 1TW","Aldershot","Member of the Hampshire FA","Red & Blue","Blue","Red","Black","Black","Black","Orange","Green","Bridges Estate Agents","Bridges","Natta"
"Altrincham","ALT","Altrincham","National","altrinchamfc.com","t295","#C62228","#FFFFFF","#FFFFFF","The J Davidson Stadium","","7700","1096","110y x 76y","Grass","Moss Lane, Altrincham, Cheshire","WA15 8AP","Altrincham","Member of the Cheshire FA","Red/White Stripes","Black","White","Black/Yellow","Yellow","Black","Purple","Green","J.Davidson Scrap Metal","AO","McHale and Co."
"Boreham Wood","BHW","Boreham Wood","National","borehamwoodfootballclub.co.uk","t2479","#E6E6E6","#000000","#000000","Meadow Park","The Mangata Developments Stadium","4502","1393","110y x 77y","Grass","Broughinge Road, Borehamwood, Hertfordshire","WD6 5AL","Elstree & Borehamwood","Member of the Hertfordshire FA","White","White","White","Sky Blue","Sky Blue","Sky Blue","Black","Orange","Mangata Developments","Mangata Developments","Volks Wagen Citygate"
"Boston United","BOS","Boston","National","bostonunited.co.uk","t444","#F5C400","#000000","#000000","York Street","Jakemans Community Stadium","5061","2132","102 x 65 metres","Grass","Pilgrim Way, Wyberton, Boston","PE21 7NE","Boston","Associate member of the FA and member of the Lincolnshire FA","Amber/Black stripes","Black","Amber","White with Red pin stripe","Red","Red","Silver","Volt","Drayton Motors","Drayton Motors","ARM Poultry"
"Brackley Town","BRK","Brackley","National","brackleytownfc.com","t3151","#E6E6E6","#000000","#000000","St. James Park","","3500","669","110y x 77y","Grass","Churchill Way, Brackley, Northants","NN13 7EJ","Banbury / Bicester North","Member of the Northamptonshire FA","Red and white Stripes","Red","Red","Yellow and black","Yellow","Yellow","Mint Green","Pink","Going Plural","Going Plural",""
"Braintree Town","BRA","Braintree","National","braintreetownfc.org","t803","#E46B25","#004B99","#004B99","Cressing Road","Rare Breed Meat Co. Stadium","4222","553","110y x 72y","Grass","Cressing Road, Braintree, Essex","CM7 3DE","Braintree","Full member of the FA and Essex FA","Orange & Royal Quartered","Orange","Orange","White","White","White","Green","Purple","WestDrive","",""
"Carlisle United","CAR","Carlisle","National","carlisleunited.co.uk","t68","#276FB7","#FFFFFF","#FFFFFF","Brunton Park","","17949","7340","112y  x 74y","Grass","Warwick Road, Carlisle","CA1 1LL","Carlisle","Member of the Cumberland FA","Blue/Red/White","Blue","Blue","Black/Aqua","Black","Black","Fluro Green","Pink","","Aqua Pura","Komatsu"
"Eastleigh","EAS","Eastleigh","National","eastleighfc.com","t2625","#132A9C","#FFFFFF","#FFFFFF","Ten Acres","Silverlake Stadium","5250","2415","74y x 111y","Grass","Stoneham Lane, Eastleigh","SO50 9HT","Southampton Airport Parkway","Member of the Hampshire FA","Blue","White","Blue","Green","Black","Green","Green","Red or White","Utilita","Utilita","SM5"
"FC Halifax Town","HAL","Halifax","National","fchalifaxtown.com","t69","#1C5D9B","#FFFFFF","#FFFFFF","The Shay","","10400","5000","116y x 71y","Grass","Shay Syke, Halifax","HX1 2YS","Halifax","Member of the West Riding FA","Blue","Blue","Blue","White","White","White","Green","Red","TBC","",""
"Forest Green Rovers","FGR","Forest Green","National","fgr.co.uk","t302","#A8D40E","#000000","#000000","The New Lawn","The Bolt New Lawn","5147","1900","109y x 73y","Grass","Another Way, Forest Green","GL6 0FG","Stroud","Member of the Gloucestershire FA","Green and Black","Green","Green","Pink and Black","Pink","Pink","Pink","Green","Ecotricity","Ecotricity","Candriam"
"Gateshead","GAT","Gateshead","National","gateshead-fc.com","t447","#E6E6E6","#000000","#000000","Gateshead International Stadium","","11800","3271","100m X 64m","Grass","Gateshead, Tyne and Wear","NE10 0EF","Gateshead","Member of the Durham FA","White/Black","Light Blue","Light Blue","Sky Blue/Claret","Claret","Claret","Mint Green","Pink","Gateshead Central Taxis","Gateshead Central Taxis","Team Valley Group"
"Hartlepool United","HAR","Hartlepool","National","hartlepoolunited.co.uk","t89","#304B99","#FFFFFF","#FFFFFF","Victoria Park","The Prestige Group Stadium","7856","4226","112y x 76y","Grass","Clarence Road, Hartlepool","TS24 8BZ","Hartlepool","Member of the Durham FA","White/Blue","Blue","Blue","Orange and Blue","Orange","Orange","Teal","Purple","The Prestige Group","",""
"Morecambe","MOR","Morecambe","National","morecambefc.com","t286","#981915","#FFFFFF","#FFFFFF","Globe Arena","Mazuma Mobile Stadium","6476","2207","110.4y x 72.17y","Grass","Christie Way, Morecambe","LA4 4TB","Morecambe","Member of the Lancashire FA","Red & Black Stripes","White","Black","Stone","Black","Stone","Yellow","Blue","LBD","Coolwave","Aqua Engineering"
"Rochdale","ROC","Rochdale","National","rochdaleafc.co.uk","t82","#344B97","#FFFFFF","#FFFFFF","Spotland","Crown Oil Arena","10249","8029","114y x 76y","Grass","Sandy Lane, Rochdale, Greater Manchester","OL11 5DR","Rochdale","Member of the Lancashire FA","Blue","Blue","Blue","White / Black Stripe","White","White","Pink","Yellow","Crown Oil","Crown Oil","HY Solicitors"
"Scunthorpe United","SCU","Scunthorpe","National","scunthorpe-united.co.uk","t93","#759BB3","#8B2942","#8B2942","Glanford Park","Attis Arena","9088","6288","100y x 65y","Grass","Jack Brownsword Way, Scunthorpe","DN15 8TD","Scunthorpe","Member of the Lincolnshire FA","Claret & blue","Blue","Claret","White & claret","Navy","White","Green","Purple","Attis Insurance","HITEK","Mortz"
"Solihull Moors","SOL","Solihull","National","solihullmoorsfc.co.uk","t1493","#F0E000","#1A2A4A","#1A2A4A","Damson Park","","5500","1430","101m x 64m","Grass","Damson Parkway, Solihull, West Midlands","B92 9EJ","Solihull","Member of the Birmingham FA","Yellow","Blue","Blue","Black","Black","Black","Orange","Lilac","Jerroms / MAN Commercial","",""
"Southend United","SOU","Southend","National","southendunited.co.uk","t81","#0F3E7A","#FFFFFF","#FFFFFF","Roots Hall","","12392","10502","110y x 74y","Grass","Victoria Avenue, Southend-on-Sea, Essex","SS2 6NQ","Southend Central / Southend Victoria","Member of the Essex FA","Navy","Navy","White","Yellow","Yellow","Navy","Green","Grey","C2C","",""
"Sutton United","SUT","Sutton","National","suttonunited.net","t296","#F2BD2F","#000000","#000000","Gander Green Lane","VBS Community Stadium","5013","1001","110y x 70y","Grass","Gander Green Lane, Sutton","SM1 2EY","West Sutton","Member of the Surrey FA","Amber","Amber","Amber","Black","Black","Black","Pink","Blue","Telsa Media","",""
"Tamworth","TAM","Tamworth","National","tamworthfc.co.uk","t1169","#D92C3A","#FFFFFF","#FFFFFF","The Lamb Ground","","4565","518","100m x 67m","Artificial-FIFA Quality PRO","Kettlebrook Road, Tamworth, Staffordshire","B77 1AA","Tamworth","Member of the Birmingham FA","Red and Black","Red and Black","Red and Black","Sky Blue and Orange","Sky Blue and White","White and Sky Blue","Orange","Yellow","Altair Group","Altair Group","Altair Group"
"Truro City","TRU","Truro","National","trurocity.co.uk","t3419","#C13136","#FFFFFF","#FFFFFF","Truro City Stadium","","3000","750","100y x 68y","Grass","West Langarth, Threemilestone, Truro","TR4 9AN","Truro","Member of the Cornwall FA","Red & Black stripes","Black","Red","White, red trim","White, red trim","White","Yellow","Green","","Jacuzzi Group","Flo Cornwall"
"Wealdstone","WEA","Wealdstone","National","wealdstone-fc.com","t3096","#2469A8","#FFFFFF","#FFFFFF","Grosvenor Vale","","4085","623","110y x 73y","Grass","Grosvenor Vale, Ruislip, Middlesex","HA4 6JQ","Ruislip Gardens","Member of the Middlesex FA","Royal Blue with White &","White","Blue","Yellow","Blue","white or Blue","Yellow & Orange Splashes","Purple","GPF Lewis","Brunel University","GPF Lewis"
"Woking","WOK","Woking","National","wokingfc.co.uk","t300","#B50F1C","#FFFFFF","#FFFFFF","Kingfield","The Laithwaite Community Stadium","6036","","110y x 73y","Grass","Kingfield Road, Woking, Surrey","GU22 9AA","Woking","Member of the Surrey FA","Red & White Halves","Black","Black","Yellow","Navy Blue","Yellow","Green","Black","Laithwaite Financial Services Ltd","",""
"Yeovil Town","YEO","Yeovil","National","ytfc.net","t283","#3E8C3D","#FFFFFF","#FFFFFF","Huish Park","","9565","","100 x 65 metres","Grass","Lufton Way, Yeovil, Somerset","BA22 8YF","Yeovil Pen Mill","Member of the Somerset FA","Green","White","Green/White","Black & red stripes","Black","Black","Yellow","","Bradfords","",""
"York City","YOR","York","National","yorkcityfootballclub.co.uk","t78","#F31723","#FFFFFF","#FFFFFF","York Community Stadium","LNER Community Stadium","8500","8510","115y x 77.2y","Grass","Kathryn Avenue, Monks Cross, York","YO32 9AF","York","Member of the North Riding FA","Red","Navy","White","Blue","Blue","Blue","Purple","Orange","Titan Wealth","Titan Wealth","Get Branded"
"AFC Fylde","FYL","Fylde","North","afcfylde.co.uk","t3360","#E6E6E6","#000000","#000000","Mill Farm","","6000","2000","110y x 73.4y","Grass","Coronation Way, Wesham","PR4 3JZ","Kirkham & Wesham","Member of the Lancashire FA","White","White","White","Yellow","Black","Black","Orange","Green","Vetplus","Vetplus","Rustlers"
"AFC Telford United","TEL","Telford","North","telfordunited.com","t298","#E6E6E6","#000000","#000000","New Bucks Head","SEAH Stadium","6300","2220","109.4 x 72.2","Grass","The Bucks Way, Wellington, Telford","TF1 2TU","Telford Central","","White","White","White","Red","Red","Red","Green","Yellow","Capgemini","Capgemini","ATW Couriers"
"Alfreton Town","ALF","Alfreton","North","alfretontownfootballclub.com","t1587","#E21B2D","#FFFFFF","#FFFFFF","North Street","Impact Arena","3600","505","100m x 65m","Grass","North Street, Alfreton","DE75 7XB","Alfreton","Member of the Derbyshire FA","Red","Black","Black","White","Black","Black","Sharpe Green","Butercup","Phantom","Phantom",""
"Bedford Town","BED","Bedford","North","bedfordtownfc.co.uk","t1166","#2C4DA1","#FFFFFF","#FFFFFF","The Eyrie","","3000","288","100 x 66m","Artificial -  FIFA Quality PRO","Meadow Lane, Cardington, Bedford","MK44 3LW","Bedford","Member of the Bedfordshire FA","Blue","Blue","Blue/White","Black/Grey","Black","Black","Green","Orange","Harrisons","Harrisons","AnyPlace Media"
"Buxton","BUX","Buxton","North","buxtonfc.co.uk","t3145","#0E4065","#FFFFFF","#FFFFFF","The Silverlands","The Tarmac Silverlands","5200","507","100m x 65m","Artificial -FIFA Quality PRO","Silverlands, Buxton","SK17 6QH","Buxton","Member of the Derbyshire FA","Blue","Blue","Blue","Black","Black","Black","Yellow","Green","Markovitz","",""
"Chester","CHE","Chester","North","chesterfc.com","t9449","#165A9C","#FFFFFF","#FFFFFF","Deva Stadium","","6500","3920","101m x 66m","Grass","Bumpers Lane, Chester","CH1 4LT","Chester","Member of the Cheshire FA","Blue and Black Stripes","Blue","Blue","Yellow and black stripes","Yellow","Yellow","Green","Lavender","MBNA","",""
"Chorley","CHO","Chorley","North","chorleyfc.com","t3434","#E6E6E6","#000000","#000000","Victory Park","The Grant Store Victory Park Stadium","4100","703","109m x 70m","Grass","Duke Street, Chorley, Lancashire","PR7 3DU","Chorley","Member of the Lancashire FA","Black & White Stripes","Black","Red","Maroon with Black and","Maroon","Maroon","Ultra Violet","Red","PAR Group","",""
"Curzon Ashton","CUR","Curzon Ashton","North","curzon-ashton.co.uk","t3162","#343F8F","#FFFFFF","#FFFFFF","Tameside Stadium","","4000","527","113y X 72y","Grass","Richmond Street, Ashton-under-Lyne","OL7 9HG","Ashton-under-Lyne","Member of the Manchester FA","Blue","Blue","White","Pink","Pink","Pink","True Pink","Glory Mint","Pinnacle Electrical Suppliers","",""
"Darlington","DAR","Darlington","North","darlingtonfc.co.uk","t8837","#000000","#FFFFFF","#FFFFFF","Blackwell Meadows","","3300","588","100m x 68m","Grass","Grange Road, Darlington","DL1 5NR","Darlington","Member of the Durham FA","Black/White","Black","White","Light blue","Light blue","Black","Green","Orange","EBAC","",""
"Hereford","HER","Hereford","North","herefordfc.co.uk","t11371","#E6E6E6","#000000","#000000","Edgar Street","M&M Edgar Street Stadium","5250","2176","114y x 76y","Grass","Edgar Street, Hereford","HR4 9JU","Hereford","Member of the Herefordshire FA","White","Black","White","Blue","Blue","Yellow","Mint Green","Orange","Dawleys","Dawleys","Magna Electronics"
"Kidderminster Harriers","KID","Kidderminster","North","harriers.co.uk","t285","#EE4427","#FFFFFF","#FFFFFF","Aggborough","","6238","3175","110y x 70y","Grass","Hoo Road, Kidderminster","DY10 1NB","Kidderminster","Member of the Worcestershire FA","Red/White Halves","Red","Red","Black","Black","Black","Pink","Green","Adam Hewitt Ltd","Adam Hewitt Ltd","EXOL"
"King's Lynn Town","KLT","King's Lynn","North","kltown.co.uk","t6152","#4C6FA8","#EBB82E","#EBB82E","The Walks","Docherty Walks Stadium","8200","1040","110y x 72y","Grass","Tennyson Road, Kings Lynn, Norfolk","PE30 3PX","King's Lynn","Member of the Norfolk FA","Royal Blue with Yellow","Royal Blue","Royal Blue","Neon Purple with Black trim","Black","Neon Purple with Black trim","Bright Pink with Black trim","","Charmed Interiors","Charmed Interiors - Home Shirt ,",""
"Leamington","LEA","Leamington","North","leamingtonfc.co.uk","t1791","#F0A81C","#000000","#000000","The New Windmill Ground","Your Co-Op Community Stadium","3050","500","110y x 70y","Grass","Harbury Lane, Bishops Tachbrook, Leamington Spa","CV33 9SA","Leamington Spa","Member of the Birmingham FA","Gold/Black Stripes","Black","Black","Royal Blue","Royal Blue","Royal Blue","Sky Blue","Red","G & R Scaffolding","",""
"Macclesfield","MAC","Macclesfield","North","macclesfieldfc.com","t17333","#0C2149","#FFFFFF","#FFFFFF","Moss Rose","Leasing.com Stadium","5300","2029","102.8M X 69M","Artifical - Fifa Quality PRO","London Road, Macclesfield","SK11 7SP","Macclesfield","Member of the Cheshire FA","Blue","White* option blue","White* option blue","White/pink","White pink","White pink","Shock green","Shock red","Leasing.com","Duck & Cover","Kings Will Dream"
"Marine","MAR","Marine","North","marinefc.com","t3136","#E6E6E6","#000000","#000000","Rossett Park","Marine Travel Arena","2300","516","109.3 x 69.9 yards","Artificial FIFA Quality PRO","College Road, Crosby, Liverpool","L23 3AS","Blundellsands & Crosby","Member of Liverpool FA","White","Black","Black","Green","Green","Green","Pink","Yellow","Marine Travel","Marine Travel","Resolve Legal Solutions"
"Merthyr Town","MER","Merthyr","North","merthyrtownfc.co.uk","t446","#E6E6E6","#000000","#000000","Penydarren Park","","4000","","102.8M X 69M","Artificial -  FIFA Quality PRO","Park Terrace, Merthyr Tydfil","CF47 8RF","Merthyr Tydfil","Football Association of Wales","White","Black","White","Navy & Red Stripes","Navy","Navy","Purple","Neon Yellow","Vortex Competitions","Vortex Competitions","Mr Fridge Ltd"
"Oxford City","OXC","Oxford C","North","oxfordcityfc.co.uk","t1457","#E6E6E6","#031C43","#031C43","Court Place Farm","RAW Charging Stadium","3500","523","110y x 72y","Artificial FIFA Quality PRO","Marsh Lane, Marston, Oxford","OX3 0NQ","Oxford","Member of the Oxfordshire FA","Blue and White Hoops","Blue","Blue","Green","Green","Green","Yellow","Pink","University of Oxford","",""
"Peterborough Sports","PBS","Peterborough S","North","psfc.co.uk","t10568","#F77539","#FFFFFF","#FFFFFF","Lincoln Road","","2300","356","110y X 70y","Grass","651 Lincoln Road, Peterborough","PE1 3HA","Peterborough","ENGLISH FA","Orange/Black","Black","Black","Purple/Pink","Purple","Purple","Dark Green","Blue","PIMS","Vital Energy",""
"Radcliffe","RAD","Radcliffe","North","radcliffefc.com","t3444","#2E72B3","#FFFFFF","#FFFFFF","Stainton Park","Neuven Stadium","3500","380","110y x 71y","Grass","Colshaw Close East, Radcliffe, Manchester","M26 3PE","Radcliffe","Member of the Lancashire FA & Manchester FA","Blue","Blue","Blue","White","White","White","All Purple","All Cream","Manchester Brick Specialists","",""
"Scarborough Athletic","SCA","Scarborough","North","scarboroughathletic.com","t3368","#E21C34","#FFFFFF","#FFFFFF","Queensgate","Flamingo Land Stadium","2833","641","116y  x 77y","Artificial FIFA Quality Pro","c/o Bridlington Town AFC, Queensgate, Bridlington, East Yorkshire","YO11 2JW","Scarborough","Member of the North Riding FA","Red","Red","Red","Yellow/Blue","Yellow","Yellow","Black","Light Blue","OneStop","",""
"South Shields","SSH","South Shields","North","southshieldsfc.co.uk","t2480","#8E1D41","#81C4DD","#81C4DD","Mariners Park","1st Cloud Arena","4000","1055","100m x 64m","Grass","Shaftesbury Avenue, Jarrow","NE32 3UP","Bede","Member of the Durham FA","Claret & Blue","White","White","White","Claret","Claret","Orange","Blue","Pulman Group","",""
"Southport","SPT","Southport","North","southportfc.net","t297","#F3AE1C","#000000","#000000","Haig Avenue","","6008","1554","110y x 72y","Grass","Haig Avenue, Southport","PR8 6JZ","Southport","Full Member","Gold","Black","Black","Sky Blue","Sky Blue","Sky Blue","Turquoise","Orange","Birkdale Insurance Group","Birkdale Insurance Group","MTC Truck & Van Rental and"
"Spennymoor Town","SPE","Spennymoor","North","spennymoortownfc.co.uk","t3356","#3A373B","#FFFFFF","#FFFFFF","The Brewery Field","","4300","739","102y x 64y","Grass","Brewery Field, Wood Vue, Spennymoor","DL16 6JN","Durham","Member of the Durham FA","Black and White Stripes","Black","Black","Red","Red","Red","Green","Light Blue","Procure Smart","AMGT Developments","TMC"
"Worksop Town","WRK","Worksop","North","worksoptownfc.co.uk","t674","#272123","#FFDE17","#FFDE17","Sandy Lane","The Windsor Foodservice Stadium","2500","429","100m x 64m","Artificial -  FIFA Quality PRO","Sandy Lane, Worksop","S80 1UJ","Worksop","Member of the Nottinghamshire FA","Yellow and Black Stripes","Black","Yellow","Blue and Black Stripes","Blue","Blue","Green","Maroon","Windsor Foodservice","VORTEX","3iii"
"AFC Totton","TOT","Totton","South","afctotton.com","t3404","#0B5EAC","#FFFFFF","#FFFFFF","Testwood Park","The Snows Stadium","3000","522","110y x 70y","Grass","Salisbury Road, Totton, Southampton","SO40 2RW","Totton & Eling","","Royal Navy","Royal Navy","Royal Navy","Charcoal Grey","Fluo Yellow","Fluo Yellow","Turquoise","Orange","Snows","Garmin","Below The Hook Services"
"Bath City","BAT","Bath","South","bathcityfc.com","t1508","#000000","#FFFFFF","#FFFFFF","Twerton Park","","8840","1026","110y x 74y","Grass","Twerton Park, Bath","BA2 3RT","Bath Spa","Member of the Somerset FA","Black and white","Black","Black","Red","Red","Red","Purple","Yellow","","Bath Spa University",""
"Chelmsford City","CHC","Chelmsford","South","chelmsfordcityfc.com","t657","#8C0028","#FFFFFF","#FFFFFF","New Writtle Street","Dunmow Group Community Stadium","3000","1092","110y x 70y","Grass","Salerno Way, Chelmsford","CM2 8XJ","Chelmsford","Member of Essex County FA","Claret","White","Claret","White/Purple","Black","Black","Green","Purple","Dunmow Group","EMJ: European Medical Journal",""
"Chesham United","CHU","Chesham","South","cheshamunited.co.uk","t439","#970045","#81C4DD","#81C4DD","The Meadow","","5000","300","112y x 72y","Grass","Amy Lane, Chesham","HP5 1NE","Chesham","Member of the Berks & Bucks FA","Claret/Blue Stripes","White/Blue","White/Blue","Yellow/Black","Yellow/Black","Yellow/Black","All Green","All Pink","Taskmaster","Taskmaster",""
"Chippenham Town","CHI","Chippenham","South","chippenhamtown.com","t3158","#3C4F7A","#FFFFFF","#FFFFFF","Hardenhuish Park","Thornbury Surfacing Ltd Stadium","3000","540","112y x 71y","Grass","Bristol Road, Chippenham","SN14 6LR","Chippenham","Member of the Wiltshire FA","Blue","Blue","Blue","Black","Black","Black","Green","Yellow","Thornbury Surfacing (Chippenham)","",""
"Dagenham & Redbridge","DAG","Dag & Red","South","daggers.co.uk","t457","#111D6F","#ffffff","#EE251B","Victoria Road","Chigwell Construction Stadium","6078","2316","100 metres x 64 metres","Grass","Victoria Road, Dagenham, Essex","RM10 7XL","Dagenham East","Member of the Essex FA","Red/Blue","Blue","Blue","Black","Black","Black","Green","Yellow","","","Brunel Shipping"
"Dorking Wanderers","DOR","Dorking","South","dorkingwanderers.com","t9048","#F20E14","#FFFFFF","#FFFFFF","Meadowbank Stadium","","4250","565","115y x 73y","Artificial-FIFA Quality PRO","Mill Lane, Dorking, Surrey","RH4 1DX","Dorking","Member of the Surrey FA","Red","White","Red","White","White","White","Orange","Green","Stonegate Homes","",""
"Dover Athletic","DOV","Dover","South","doverathletic.com","t287","#E6E6E6","#000000","#000000","Crabble Athletic Ground","Megger Community Stadium","6500","1556","114y x 73y","Grass","Lewisham Road, Dover, Kent","CT17 0JB","Dover Priory","","White","Black","Black","Teal","Teal","Teal","Pink","Green","","","Mighty Kitchen"
"Eastbourne Borough","EAB","Eastbourne","South","eastbourneborough.com","t1792","#C4161C","#FFFFFF","#FFFFFF","Priory Lane","The Connect Management Stadium","4151","582","115y X 72y","Artificial-FIFA Quality PRO","Priory Lane, Eastbourne, East Sussex","BN23 7AQ","Eastbourne","Member of the Sussex FA","Red","Red","Red","Pink","Pink","Pink","Flourescent Green","","","","Connect Management"
"Ebbsfleet United","EBB","Ebbsfleet","South","ebbsfleetunited.co.uk","t585","#F20E14","#FFFFFF","#FFFFFF","Stonebridge Road","Kuflink Stadium","4800","1956","112y x 72y","Grass","Stonebridge Road, Northfleet","DA11 9GN","Ebbsfleet International","Member of the Kent FA","Red","White","Red","Light Blue/Yellow","Light Blue","Light Blue","Pink","Green","","",""
"Enfield Town","ENF","Enfield","South","enfieldtownfootballclub.co.uk","t3458","#E6E6E6","#000000","#000000","Donkey Lane","Queen Elizabeth II Stadium","2500","530","100m x 64m","Grass","Donkey Lane, Enfield","EN1 3PL","Enfield Town","Member of the Middlesex FA","White","Blue","Blue","Yellow","Yellow","Yellow","Black","Purple","Powerday","",""
"Farnborough","FAB","Farnborough","South","farnboroughfc.co.uk","t1044","#EBD10A","#000000","#000000","Cherrywood Road","Saunders Transport Community Stadium","7000","3000","115y X 77y","Grass","Cherrywood Road, Farnborough","GU14 8UD","Farnborough (Main)","Member of the Hampshire FA","Yellow","Blue","Yellow","Grey","Grey","Grey","Purple","Blue","BR Saunders","",""
"Hampton & Richmond Borough","HRB","Hampton & RB","South","hamrichfc.com","t583","#051736","#FFFFFF","#FFFFFF","Beveree Stadium","","3500","650","109y x 69y","Grass","Station Road, London","TW12 2BX","Hampton","Member of the Middlesex FA","Black","Black","Black","Red","Red","Navy","Green","Orange","Tytl","What Car",""
"Hemel Hempstead Town","HHT","Hemel Hempstead","South","hemelfc.com","t3153","#F11717","#FFFFFF","#FFFFFF","Vauxhall Road","The Focus Community Arena","3152","654","112y x 75y","Artificial -FIFA Quality PRO","Vauxhall Road, Hemel Hempstead, Hertfordshire","HP2 4LN","Hemel Hempstead","Member of the Hertfordshire FA","Red and white","Red","Red","Red and Black","Black","Black","Black & Red Third choiceYellow & Blue","","Avco Motors Ltd","",""
"Hornchurch","HOR","Hornchurch","South","hornchurchfc.com","t1400","#EE2826","#FFFFFF","#FFFFFF","Hornchurch Stadium","","3500","600","110y X 72y","Grass","Bridge Avenue, Upminster, Essex","RM14 2LX","Hornchurch","Member of the Essex FA","Red/White","Red","Red","Blue/White","Blue","Blue","Grey","Green","BF Mulley & Son","",""
"Horsham","HRS","Horsham","South","horshamfc.co.uk","t2515","#007B3B","#FFBF00","#FFBF00","Horsham FC Community Stadium","Fusion Aviation Community Stadium","3000","304","100y x 64y","Artificial - FIFA Quality","Worthing Road, Horsham","RH13 0AD","Horsham","Member of the Sussex FA","Amber & Green","Green","Amber","White","Black","White","Pink","Orange","Fusion Aviation","",""
"Maidenhead United","MHU","Maidenhead","South","maidenheadunitedfc.org","t820","#000000","#FFFFFF","#FFFFFF","York Road","","4000","553","111y x 74y","Grass","York Road, Maidenhead, Berkshire","SL6 1SF","Maidenhead","Member of the Berks & Bucks FA","Black and white halves","Black","Red","Red","White","Red","Green","Blue","Campaign Against Living Miserably","",""
"Maidstone United","MSU","Maidstone","South","maidstoneunited.co.uk","t949","#F0A500","#000000","#000000","Gallagher Stadium","","4200","861","110y x 70y","Artificial -FIFA Quality PRO","James Whatman Way, Maidstone","ME14 1LQ","Maidstone East / Maidstone West","Member of the Kent FA","Amber","Black","Black","Sky Blue","Sky Blue","Sky Blue","Teal","Orange","Manchett","",""
"Salisbury","SAL","Salisbury","South","salisburyfc.co.uk","t11688","#E6E6E6","#000000","#000000","Raymond McEnhill Stadium","","5000","629","73 x 116","Grass","Partridge Way, Old Sarum, Salisbury, Wiltshire","SP4 6PU","Salisbury","","White / Black","Black / White trim","Black","Sky Blue / Black Trim","Sky Blue / Black Trim","Sky Blue","Green / black trim","","Retain Healthcare","Retain Healthcare",""
"Slough Town","SLO","Slough","South","sloughtownfc.net","t440","#F8C21A","#000000","#000000","Arbour Park","","2000","540","100m x 64m","Artificial-FIFA Quality PRO","Stoke Road, Slough","SL1 5QF","Slough","Member of the Berks & Bucks FA","Amber/Navy","Navy","Navy","White","White","White","Purple","Turquoise","Stoke Park Trust","",""
"Tonbridge Angels","TON","Tonbridge","South","tonbridgeangels.co.uk","t3092","#1A2DA3","#FFFFFF","#FFFFFF","Longmead","Yeomans Community Stadium","3000","702","114.6y x 72.8y","Artificial - FIFA Quality PRO","Darenth Avenue, Tonbridge, Kent","TN10 3JF","Tonbridge","Member of the Kent FA","Blue","Blue","Blue","Green","Green","Green","Yellow","Orange","Halcyon Wealth","",""
"Torquay United","TOR","Torquay","South","torquayunited.com","t79","#F3DC21","#000000","#000000","Plainmoor","","6500","3092","110y x 71y","Grass","Warbro Road, Torquay","TQ1 3PS","Torquay","Member of the Devon FA","Yellow and blue","Blue","Yellow","White and Yellow","White","White","Green","Orange","Rev Comps","Rev Comps",""
"Weston-super-Mare","WSM","Weston-s-Mare","South","wsmafc.co.uk","t2733","#E6E6E6","#000000","#000000","Woodspring Stadium","The Optima Stadium","3500","500","110y x 76y","Grass","Winterstoke Road, Weston-super-Mare, North Somerset","BS24 9AA","Weston-super-Mare","Member of the Somerset FA","White","White","White","Light Blue/Yellow","Blue","Blue","Green","Yellow","Avalis","",""
"Worthing","WOR","Worthing","South","worthingfc.com","t523","#F63131","#FFFFFF","#FFFFFF","Woodside Road","The Sussex Transport Community Stadium","4000","505","109m x 70m","Artificial-FIFA Quality PRO","Woodside Road, Worthing, West Sussex","BN14 7HQ","Worthing","Member of the Sussex FA","Red","Red","Red","Black","Black","Black","Teal","Purple","Sussex Transport","",""
